relacao,accuracy,precision,recall,f1
inBetween,0.7221014492753624,0.6924778761061947,0.8557758031442242,0.7655151329868541
