relacao,accuracy,precision,recall,f1
leftOf,0.848,0.8333333333333334,0.847457627118644,0.8403361344537815
rightOf,0.856,0.9056603773584906,0.7868852459016393,0.8421052631578947
below,0.816,0.8478260869565217,0.7090909090909091,0.7722772277227723
above,0.832,0.8793103448275862,0.7846153846153846,0.8292682926829268
closeTo,1.0,1.0,1.0,1.0
canStack,0.784,0.5106382978723404,0.8571428571428571,0.64
