relacao,accuracy,precision,recall,f1,best_threshold,best_accuracy,best_precision,best_recall,best_f1
inBetween,0.7217391304347827,0.6923076923076923,0.8550922761449077,0.7651376146788991,0.49999999999999994,0.7217391304347827,0.6923076923076923,0.8550922761449077,0.7651376146788991
