{
  "seed": 43,
  "sat_agg": 0.8358504176139832,
  "formulas": {
    "lastOnTheLeft": 0.4602697789669037,
    "lastOnTheRight": 0.4654805064201355
  },
  "sat_axiomas": {
    "cor_cobertura": 0.9997509717941284,
    "cor_exclusividade_0_1": 0.9998476505279541,
    "cor_exclusividade_0_2": 0.999822199344635,
    "cor_exclusividade_1_2": 0.9998123645782471,
    "forma_cobertura": 0.9996312260627747,
    "forma_exclusividade_0_1": 0.9998557567596436,
    "forma_exclusividade_0_2": 0.9998437762260437,
    "forma_exclusividade_0_3": 0.9998643398284912,
    "forma_exclusividade_0_4": 0.9998557567596436,
    "forma_exclusividade_1_2": 0.9998399615287781,
    "forma_exclusividade_1_3": 0.9998599886894226,
    "forma_exclusividade_1_4": 0.999851644039154,
    "forma_exclusividade_2_3": 0.9998476505279541,
    "forma_exclusividade_2_4": 0.9998399615287781,
    "forma_exclusividade_3_4": 0.9998599886894226,
    "tamanho_cobertura": 0.9997999668121338,
    "tamanho_exclusividade": 0.9997999668121338,
    "left_irreflexividade": 0.5919618606567383,
    "right_irreflexividade": 0.5743619203567505,
    "left_assimetria": 0.8400497436523438,
    "right_assimetria": 0.8410046696662903,
    "left_implica_right_inverso": 0.8091100454330444,
    "right_implica_left_inverso": 0.8044766783714294,
    "left_transitividade": 0.9252383708953857,
    "right_transitividade": 0.927436888217926,
    "below_irreflexividade": 0.5711185932159424,
    "above_irreflexividade": 0.5697715282440186,
    "below_assimetria": 0.8455581068992615,
    "above_assimetria": 0.8336653709411621,
    "below_implica_above_inverso": 0.8133844137191772,
    "above_implica_below_inverso": 0.8017485737800598,
    "below_transitividade": 0.9288763403892517,
    "above_transitividade": 0.9248315691947937,
    "close_irreflexividade": 0.9998999834060669,
    "close_implica_close_inverso_1": 0.90972900390625,
    "close_implica_close_inverso_2": 0.90972900390625,
    "triangulos_proximos_mesmo_tamanho": 0.9914136528968811,
    "can_stack_implica_above": 0.7985605001449585,
    "can_stack_base_nao_cone": 0.971816897392273,
    "can_stack_base_nao_triangulo": 0.9675631523132324,
    "inbetween_implica_configuracao_espacial": 0.7635427713394165
  },
  "metricas_predicados": {
    "leftOf": {
      "accuracy": 0.872,
      "precision": 0.9318181818181818,
      "recall": 0.7592592592592593,
      "f1": 0.8367346938775511,
      "best_threshold": 0.44999999999999996,
      "best_accuracy": 0.888,
      "best_precision": 0.8846153846153846,
      "best_recall": 0.8518518518518519,
      "best_f1": 0.8679245283018868
    },
    "rightOf": {
      "accuracy": 0.896,
      "precision": 0.9491525423728814,
      "recall": 0.8484848484848485,
      "f1": 0.896,
      "best_threshold": 0.49999999999999994,
      "best_accuracy": 0.896,
      "best_precision": 0.9491525423728814,
      "best_recall": 0.8484848484848485,
      "best_f1": 0.896
    },
    "below": {
      "accuracy": 0.8,
      "precision": 0.8958333333333334,
      "recall": 0.6825396825396826,
      "f1": 0.7747747747747747,
      "best_threshold": 0.25,
      "best_accuracy": 0.736,
      "best_precision": 0.6595744680851063,
      "best_recall": 0.9841269841269841,
      "best_f1": 0.7898089171974523
    },
    "above": {
      "accuracy": 0.768,
      "precision": 0.7258064516129032,
      "recall": 0.7894736842105263,
      "f1": 0.7563025210084033,
      "best_threshold": 0.44999999999999996,
      "best_accuracy": 0.784,
      "best_precision": 0.7142857142857143,
      "best_recall": 0.8771929824561403,
      "best_f1": 0.7874015748031497
    },
    "closeTo": {
      "accuracy": 1.0,
      "precision": 1.0,
      "recall": 1.0,
      "f1": 1.0,
      "best_threshold": 0.49999999999999994,
      "best_accuracy": 1.0,
      "best_precision": 1.0,
      "best_recall": 1.0,
      "best_f1": 1.0
    },
    "canStack": {
      "accuracy": 0.776,
      "precision": 0.46153846153846156,
      "recall": 1.0,
      "f1": 0.631578947368421,
      "best_threshold": 0.6,
      "best_accuracy": 0.848,
      "best_precision": 0.5757575757575758,
      "best_recall": 0.7916666666666666,
      "best_f1": 0.6666666666666666
    },
    "inBetween": {
      "accuracy": 0.7134057971014492,
      "precision": 0.7011677282377919,
      "recall": 0.8528082633957392,
      "f1": 0.7695892805126712,
      "best_threshold": 0.49999999999999994,
      "best_accuracy": 0.7134057971014492,
      "best_precision": 0.7011677282377919,
      "best_recall": 0.8528082633957392,
      "best_f1": 0.7695892805126712
    }
  }
}