{
  "seed": 44,
  "sat_agg": 0.8405561447143555,
  "formulas": {
    "lastOnTheLeft": 0.44781914353370667,
    "lastOnTheRight": 0.4557096064090729
  },
  "sat_axiomas": {
    "cor_cobertura": 0.9997353553771973,
    "cor_exclusividade_0_1": 0.9998326301574707,
    "cor_exclusividade_0_2": 0.9998255968093872,
    "cor_exclusividade_1_2": 0.999822199344635,
    "forma_cobertura": 0.9996444582939148,
    "forma_exclusividade_0_1": 0.9998599886894226,
    "forma_exclusividade_0_2": 0.9998643398284912,
    "forma_exclusividade_0_3": 0.9998557567596436,
    "forma_exclusividade_0_4": 0.999851644039154,
    "forma_exclusividade_1_2": 0.9998557567596436,
    "forma_exclusividade_1_3": 0.9998476505279541,
    "forma_exclusividade_1_4": 0.9998437762260437,
    "forma_exclusividade_2_3": 0.999851644039154,
    "forma_exclusividade_2_4": 0.9998476505279541,
    "forma_exclusividade_3_4": 0.9998399615287781,
    "tamanho_cobertura": 0.9997999668121338,
    "tamanho_exclusividade": 0.9997999668121338,
    "left_irreflexividade": 0.589127779006958,
    "right_irreflexividade": 0.5679217576980591,
    "left_assimetria": 0.8732637763023376,
    "right_assimetria": 0.8571246862411499,
    "left_implica_right_inverso": 0.8376344442367554,
    "right_implica_left_inverso": 0.8207305073738098,
    "left_transitividade": 0.9445091485977173,
    "right_transitividade": 0.9409845471382141,
    "below_irreflexividade": 0.5823807716369629,
    "above_irreflexividade": 0.5733375549316406,
    "below_assimetria": 0.850938081741333,
    "above_assimetria": 0.8645531535148621,
    "below_implica_above_inverso": 0.8206547498703003,
    "above_implica_below_inverso": 0.8239739537239075,
    "below_transitividade": 0.9348765015602112,
    "above_transitividade": 0.941704273223877,
    "close_irreflexividade": 0.9998999834060669,
    "close_implica_close_inverso_1": 0.9084774851799011,
    "close_implica_close_inverso_2": 0.9084774851799011,
    "triangulos_proximos_mesmo_tamanho": 0.9101474285125732,
    "can_stack_implica_above": 0.8343985080718994,
    "can_stack_base_nao_cone": 0.9478384256362915,
    "can_stack_base_nao_triangulo": 0.9508826732635498,
    "inbetween_implica_configuracao_espacial": 0.7560713291168213
  },
  "metricas_predicados": {
    "leftOf": {
      "accuracy": 0.84,
      "precision": 0.8918918918918919,
      "recall": 0.673469387755102,
      "f1": 0.7674418604651163,
      "best_threshold": 0.44999999999999996,
      "best_accuracy": 0.832,
      "best_precision": 0.8181818181818182,
      "best_recall": 0.7346938775510204,
      "best_f1": 0.7741935483870968
    },
    "rightOf": {
      "accuracy": 0.856,
      "precision": 0.8656716417910447,
      "recall": 0.8656716417910447,
      "f1": 0.8656716417910447,
      "best_threshold": 0.49999999999999994,
      "best_accuracy": 0.856,
      "best_precision": 0.8656716417910447,
      "best_recall": 0.8656716417910447,
      "best_f1": 0.8656716417910447
    },
    "below": {
      "accuracy": 0.832,
      "precision": 0.847457627118644,
      "recall": 0.8064516129032258,
      "f1": 0.8264462809917356,
      "best_threshold": 0.49999999999999994,
      "best_accuracy": 0.832,
      "best_precision": 0.847457627118644,
      "best_recall": 0.8064516129032258,
      "best_f1": 0.8264462809917356
    },
    "above": {
      "accuracy": 0.872,
      "precision": 0.9130434782608695,
      "recall": 0.7777777777777778,
      "f1": 0.84,
      "best_threshold": 0.44999999999999996,
      "best_accuracy": 0.872,
      "best_precision": 0.8392857142857143,
      "best_recall": 0.8703703703703703,
      "best_f1": 0.8545454545454545
    },
    "closeTo": {
      "accuracy": 1.0,
      "precision": 1.0,
      "recall": 1.0,
      "f1": 1.0,
      "best_threshold": 0.49999999999999994,
      "best_accuracy": 1.0,
      "best_precision": 1.0,
      "best_recall": 1.0,
      "best_f1": 1.0
    },
    "canStack": {
      "accuracy": 0.832,
      "precision": 0.4117647058823529,
      "recall": 0.9333333333333333,
      "f1": 0.5714285714285714,
      "best_threshold": 0.75,
      "best_accuracy": 0.912,
      "best_precision": 0.625,
      "best_recall": 0.6666666666666666,
      "best_f1": 0.6451612903225806
    },
    "inBetween": {
      "accuracy": 0.7184782608695652,
      "precision": 0.7196581196581197,
      "recall": 0.8158914728682171,
      "f1": 0.7647593097184378,
      "best_threshold": 0.44999999999999996,
      "best_accuracy": 0.7047101449275363,
      "best_precision": 0.6827930174563591,
      "best_recall": 0.8843669250645995,
      "best_f1": 0.7706163805235012
    }
  }
}