{
  "seed": 42,
  "sat_agg": 0.837804913520813,
  "formulas": {
    "lastOnTheLeft": 0.4610823094844818,
    "lastOnTheRight": 0.4566880166530609
  },
  "sat_axiomas": {
    "cor_cobertura": 0.9997430443763733,
    "cor_exclusividade_0_1": 0.9998399615287781,
    "cor_exclusividade_0_2": 0.999822199344635,
    "cor_exclusividade_1_2": 0.9998188614845276,
    "forma_cobertura": 0.9996377825737,
    "forma_exclusividade_0_1": 0.9998557567596436,
    "forma_exclusividade_0_2": 0.9998476505279541,
    "forma_exclusividade_0_3": 0.9998557567596436,
    "forma_exclusividade_0_4": 0.9998476505279541,
    "forma_exclusividade_1_2": 0.999851644039154,
    "forma_exclusividade_1_3": 0.9998599886894226,
    "forma_exclusividade_1_4": 0.999851644039154,
    "forma_exclusividade_2_3": 0.999851644039154,
    "forma_exclusividade_2_4": 0.9998437762260437,
    "forma_exclusividade_3_4": 0.999851644039154,
    "tamanho_cobertura": 0.9997999668121338,
    "tamanho_exclusividade": 0.9997999668121338,
    "left_irreflexividade": 0.5860298275947571,
    "right_irreflexividade": 0.5874555110931396,
    "left_assimetria": 0.856063723564148,
    "right_assimetria": 0.8585246801376343,
    "left_implica_right_inverso": 0.8223696947097778,
    "right_implica_left_inverso": 0.8266752362251282,
    "left_transitividade": 0.9377650618553162,
    "right_transitividade": 0.9380818605422974,
    "below_irreflexividade": 0.5739223957061768,
    "above_irreflexividade": 0.5748212933540344,
    "below_assimetria": 0.8389960527420044,
    "above_assimetria": 0.8350389003753662,
    "below_implica_above_inverso": 0.8088856339454651,
    "above_implica_below_inverso": 0.7971483469009399,
    "below_transitividade": 0.9237087965011597,
    "above_transitividade": 0.9254099130630493,
    "close_irreflexividade": 0.9998999834060669,
    "close_implica_close_inverso_1": 0.8943069577217102,
    "close_implica_close_inverso_2": 0.8943069577217102,
    "triangulos_proximos_mesmo_tamanho": 0.9280738830566406,
    "can_stack_implica_above": 0.8144494295120239,
    "can_stack_base_nao_cone": 0.9565339684486389,
    "can_stack_base_nao_triangulo": 0.9648124575614929,
    "inbetween_implica_configuracao_espacial": 0.7616487145423889
  },
  "metricas_predicados": {
    "leftOf": {
      "accuracy": 0.848,
      "precision": 0.8333333333333334,
      "recall": 0.847457627118644,
      "f1": 0.8403361344537815,
      "best_threshold": 0.39999999999999997,
      "best_accuracy": 0.84,
      "best_precision": 0.7746478873239436,
      "best_recall": 0.9322033898305084,
      "best_f1": 0.8461538461538461
    },
    "rightOf": {
      "accuracy": 0.856,
      "precision": 0.9056603773584906,
      "recall": 0.7868852459016393,
      "f1": 0.8421052631578947,
      "best_threshold": 0.44999999999999996,
      "best_accuracy": 0.856,
      "best_precision": 0.8909090909090909,
      "best_recall": 0.8032786885245902,
      "best_f1": 0.8448275862068966
    },
    "below": {
      "accuracy": 0.816,
      "precision": 0.8478260869565217,
      "recall": 0.7090909090909091,
      "f1": 0.7722772277227723,
      "best_threshold": 0.39999999999999997,
      "best_accuracy": 0.792,
      "best_precision": 0.7164179104477612,
      "best_recall": 0.8727272727272727,
      "best_f1": 0.7868852459016393
    },
    "above": {
      "accuracy": 0.832,
      "precision": 0.8793103448275862,
      "recall": 0.7846153846153846,
      "f1": 0.8292682926829268,
      "best_threshold": 0.44999999999999996,
      "best_accuracy": 0.848,
      "best_precision": 0.8382352941176471,
      "best_recall": 0.8769230769230769,
      "best_f1": 0.8571428571428571
    },
    "closeTo": {
      "accuracy": 1.0,
      "precision": 1.0,
      "recall": 1.0,
      "f1": 1.0,
      "best_threshold": 0.44999999999999996,
      "best_accuracy": 1.0,
      "best_precision": 1.0,
      "best_recall": 1.0,
      "best_f1": 1.0
    },
    "canStack": {
      "accuracy": 0.784,
      "precision": 0.5106382978723404,
      "recall": 0.8571428571428571,
      "f1": 0.64,
      "best_threshold": 0.49999999999999994,
      "best_accuracy": 0.784,
      "best_precision": 0.5106382978723404,
      "best_recall": 0.8571428571428571,
      "best_f1": 0.64
    },
    "inBetween": {
      "accuracy": 0.7217391304347827,
      "precision": 0.6923076923076923,
      "recall": 0.8550922761449077,
      "f1": 0.7651376146788991,
      "best_threshold": 0.49999999999999994,
      "best_accuracy": 0.7217391304347827,
      "best_precision": 0.6923076923076923,
      "best_recall": 0.8550922761449077,
      "best_f1": 0.7651376146788991
    }
  }
}