{
  "seed": 45,
  "sat_agg": 0.8370398283004761,
  "formulas": {
    "lastOnTheLeft": 0.4638933539390564,
    "lastOnTheRight": 0.45321574807167053
  },
  "sat_axiomas": {
    "cor_cobertura": 0.9997316002845764,
    "cor_exclusividade_0_1": 0.999829113483429,
    "cor_exclusividade_0_2": 0.9998255968093872,
    "cor_exclusividade_1_2": 0.9998255968093872,
    "forma_cobertura": 0.999618411064148,
    "forma_exclusividade_0_1": 0.9998476505279541,
    "forma_exclusividade_0_2": 0.999836266040802,
    "forma_exclusividade_0_3": 0.9998476505279541,
    "forma_exclusividade_0_4": 0.999851644039154,
    "forma_exclusividade_1_2": 0.9998476505279541,
    "forma_exclusividade_1_3": 0.9998599886894226,
    "forma_exclusividade_1_4": 0.9998643398284912,
    "forma_exclusividade_2_3": 0.9998476505279541,
    "forma_exclusividade_2_4": 0.999851644039154,
    "forma_exclusividade_3_4": 0.9998643398284912,
    "tamanho_cobertura": 0.9997999668121338,
    "tamanho_exclusividade": 0.9997999668121338,
    "left_irreflexividade": 0.5789104700088501,
    "right_irreflexividade": 0.5723038911819458,
    "left_assimetria": 0.8432255387306213,
    "right_assimetria": 0.850736677646637,
    "left_implica_right_inverso": 0.8073733448982239,
    "right_implica_left_inverso": 0.816923201084137,
    "left_transitividade": 0.9292425513267517,
    "right_transitividade": 0.9298437237739563,
    "below_irreflexividade": 0.554350733757019,
    "above_irreflexividade": 0.5811113119125366,
    "below_assimetria": 0.845007061958313,
    "above_assimetria": 0.8595843315124512,
    "below_implica_above_inverso": 0.8135255575180054,
    "above_implica_below_inverso": 0.8223745226860046,
    "below_transitividade": 0.933109700679779,
    "above_transitividade": 0.9389867782592773,
    "close_irreflexividade": 0.9998999834060669,
    "close_implica_close_inverso_1": 0.9054728746414185,
    "close_implica_close_inverso_2": 0.9054728746414185,
    "triangulos_proximos_mesmo_tamanho": 0.9998307228088379,
    "can_stack_implica_above": 0.8268207311630249,
    "can_stack_base_nao_cone": 0.9636260867118835,
    "can_stack_base_nao_triangulo": 0.9747012853622437,
    "inbetween_implica_configuracao_espacial": 0.7583183646202087
  },
  "metricas_predicados": {
    "leftOf": {
      "accuracy": 0.848,
      "precision": 0.8833333333333333,
      "recall": 0.8153846153846154,
      "f1": 0.848,
      "best_threshold": 0.49999999999999994,
      "best_accuracy": 0.848,
      "best_precision": 0.8833333333333333,
      "best_recall": 0.8153846153846154,
      "best_f1": 0.848
    },
    "rightOf": {
      "accuracy": 0.832,
      "precision": 0.8571428571428571,
      "recall": 0.75,
      "f1": 0.8,
      "best_threshold": 0.35,
      "best_accuracy": 0.832,
      "best_precision": 0.7333333333333333,
      "best_recall": 0.9821428571428571,
      "best_f1": 0.8396946564885496
    },
    "below": {
      "accuracy": 0.808,
      "precision": 0.7407407407407407,
      "recall": 0.8,
      "f1": 0.7692307692307693,
      "best_threshold": 0.5499999999999999,
      "best_accuracy": 0.824,
      "best_precision": 0.7916666666666666,
      "best_recall": 0.76,
      "best_f1": 0.7755102040816326
    },
    "above": {
      "accuracy": 0.784,
      "precision": 0.9074074074074074,
      "recall": 0.6901408450704225,
      "f1": 0.784,
      "best_threshold": 0.35,
      "best_accuracy": 0.808,
      "best_precision": 0.8133333333333334,
      "best_recall": 0.8591549295774648,
      "best_f1": 0.8356164383561644
    },
    "closeTo": {
      "accuracy": 1.0,
      "precision": 1.0,
      "recall": 1.0,
      "f1": 1.0,
      "best_threshold": 0.49999999999999994,
      "best_accuracy": 1.0,
      "best_precision": 1.0,
      "best_recall": 1.0,
      "best_f1": 1.0
    },
    "canStack": {
      "accuracy": 0.736,
      "precision": 0.5283018867924528,
      "recall": 0.7777777777777778,
      "f1": 0.6292134831460674,
      "best_threshold": 0.3,
      "best_accuracy": 0.704,
      "best_precision": 0.49295774647887325,
      "best_recall": 0.9722222222222222,
      "best_f1": 0.6542056074766355
    },
    "inBetween": {
      "accuracy": 0.696376811594203,
      "precision": 0.6966626936829559,
      "recall": 0.780373831775701,
      "f1": 0.7361460957178841,
      "best_threshold": 0.35,
      "best_accuracy": 0.6710144927536232,
      "best_precision": 0.6300705467372134,
      "best_recall": 0.9539385847797063,
      "best_f1": 0.7588953797132236
    }
  }
}