{
  "seed": 46,
  "sat_agg": 0.8394264578819275,
  "formulas": {
    "lastOnTheLeft": 0.45875048637390137,
    "lastOnTheRight": 0.4675479531288147
  },
  "sat_axiomas": {
    "cor_cobertura": 0.999717116355896,
    "cor_exclusividade_0_1": 0.9998155832290649,
    "cor_exclusividade_0_2": 0.9998437762260437,
    "cor_exclusividade_1_2": 0.999822199344635,
    "forma_cobertura": 0.9996247291564941,
    "forma_exclusividade_0_1": 0.9998476505279541,
    "forma_exclusividade_0_2": 0.999851644039154,
    "forma_exclusividade_0_3": 0.9998437762260437,
    "forma_exclusividade_0_4": 0.999851644039154,
    "forma_exclusividade_1_2": 0.9998557567596436,
    "forma_exclusividade_1_3": 0.9998476505279541,
    "forma_exclusividade_1_4": 0.9998557567596436,
    "forma_exclusividade_2_3": 0.999851644039154,
    "forma_exclusividade_2_4": 0.9998599886894226,
    "forma_exclusividade_3_4": 0.999851644039154,
    "tamanho_cobertura": 0.9997999668121338,
    "tamanho_exclusividade": 0.9997999668121338,
    "left_irreflexividade": 0.6134657859802246,
    "right_irreflexividade": 0.5591723322868347,
    "left_assimetria": 0.8350363373756409,
    "right_assimetria": 0.8357304334640503,
    "left_implica_right_inverso": 0.803449273109436,
    "right_implica_left_inverso": 0.8039677143096924,
    "left_transitividade": 0.923937201499939,
    "right_transitividade": 0.923545241355896,
    "below_irreflexividade": 0.5759352445602417,
    "above_irreflexividade": 0.5838999152183533,
    "below_assimetria": 0.8619157075881958,
    "above_assimetria": 0.8600949048995972,
    "below_implica_above_inverso": 0.8282721042633057,
    "above_implica_below_inverso": 0.8242821097373962,
    "below_transitividade": 0.939483106136322,
    "above_transitividade": 0.9396442770957947,
    "close_irreflexividade": 0.9998999834060669,
    "close_implica_close_inverso_1": 0.9022509455680847,
    "close_implica_close_inverso_2": 0.9022509455680847,
    "triangulos_proximos_mesmo_tamanho": 0.9600949287414551,
    "can_stack_implica_above": 0.8325029611587524,
    "can_stack_base_nao_cone": 0.9560010433197021,
    "can_stack_base_nao_triangulo": 0.9605584740638733,
    "inbetween_implica_configuracao_espacial": 0.7583690881729126
  },
  "metricas_predicados": {
    "leftOf": {
      "accuracy": 0.88,
      "precision": 0.88,
      "recall": 0.8301886792452831,
      "f1": 0.8543689320388349,
      "best_threshold": 0.49999999999999994,
      "best_accuracy": 0.88,
      "best_precision": 0.88,
      "best_recall": 0.8301886792452831,
      "best_f1": 0.8543689320388349
    },
    "rightOf": {
      "accuracy": 0.856,
      "precision": 0.8805970149253731,
      "recall": 0.855072463768116,
      "f1": 0.8676470588235294,
      "best_threshold": 0.39999999999999997,
      "best_accuracy": 0.872,
      "best_precision": 0.8441558441558441,
      "best_recall": 0.9420289855072463,
      "best_f1": 0.8904109589041096
    },
    "below": {
      "accuracy": 0.872,
      "precision": 0.9607843137254902,
      "recall": 0.7777777777777778,
      "f1": 0.8596491228070176,
      "best_threshold": 0.44999999999999996,
      "best_accuracy": 0.88,
      "best_precision": 0.8870967741935484,
      "best_recall": 0.873015873015873,
      "best_f1": 0.88
    },
    "above": {
      "accuracy": 0.848,
      "precision": 0.9166666666666666,
      "recall": 0.7457627118644068,
      "f1": 0.822429906542056,
      "best_threshold": 0.35,
      "best_accuracy": 0.832,
      "best_precision": 0.75,
      "best_recall": 0.9661016949152542,
      "best_f1": 0.8444444444444444
    },
    "closeTo": {
      "accuracy": 1.0,
      "precision": 1.0,
      "recall": 1.0,
      "f1": 1.0,
      "best_threshold": 0.44999999999999996,
      "best_accuracy": 1.0,
      "best_precision": 1.0,
      "best_recall": 1.0,
      "best_f1": 1.0
    },
    "canStack": {
      "accuracy": 0.736,
      "precision": 0.3181818181818182,
      "recall": 0.8235294117647058,
      "f1": 0.45901639344262296,
      "best_threshold": 0.75,
      "best_accuracy": 0.896,
      "best_precision": 0.625,
      "best_recall": 0.5882352941176471,
      "best_f1": 0.6060606060606061
    },
    "inBetween": {
      "accuracy": 0.702536231884058,
      "precision": 0.7057057057057057,
      "recall": 0.7802124833997344,
      "f1": 0.7410911384421318,
      "best_threshold": 0.44999999999999996,
      "best_accuracy": 0.6909420289855073,
      "best_precision": 0.6638233818364275,
      "best_recall": 0.8784860557768924,
      "best_f1": 0.7562160617319235
    }
  }
}